"0","theta
"
"1","   [1]"
"1"," 0.0000000000"
"1"," 0.3691459103"
"1"," 0.4041468290"
"1"," 0.7091780913"
"1"," 0.9693937022"
"1"," 0.9693937022"
"1","
"
"1","   [7]"
"1"," 0.9693937022"
"1"," 0.2322344284"
"1"," 0.2322344284"
"1"," 0.2322344284"
"1"," 0.2322344284"
"1"," 0.2322344284"
"1","
"
"1","  [13]"
"1"," 0.9651859199"
"1"," 0.3088796915"
"1"," 0.3088796915"
"1"," 0.0633678289"
"1"," 0.0633678289"
"1"," 0.0633678289"
"1","
"
"1","  [19]"
"1"," 0.0633678289"
"1"," 0.6610299219"
"1"," 0.6610299219"
"1"," 0.6777343862"
"1"," 0.5930274335"
"1"," 0.0825184995"
"1","
"
"1","  [25]"
"1"," 0.2104847719"
"1"," 0.2104847719"
"1"," 0.2104847719"
"1"," 0.2104847719"
"1"," 0.4467852309"
"1"," 0.4467852309"
"1","
"
"1","  [31]"
"1"," 0.4467852309"
"1"," 0.4467852309"
"1"," 0.4467852309"
"1"," 0.4467852309"
"1"," 0.4467852309"
"1"," 0.4467852309"
"1","
"
"1","  [37]"
"1"," 0.5801463307"
"1"," 0.5801463307"
"1"," 0.5801463307"
"1"," 0.7699338568"
"1"," 0.7699338568"
"1"," 0.6862347441"
"1","
"
"1","  [43]"
"1"," 0.6862347441"
"1"," 0.6862347441"
"1"," 0.6862347441"
"1"," 0.6862347441"
"1"," 0.6151492069"
"1"," 0.6151492069"
"1","
"
"1","  [49]"
"1"," 0.6151492069"
"1"," 0.6151492069"
"1"," 0.1620068934"
"1"," 0.5829960891"
"1"," 0.7357307854"
"1"," 0.7357307854"
"1","
"
"1","  [55]"
"1"," 0.7357307854"
"1"," 0.9850594970"
"1"," 0.1646387296"
"1"," 0.3883236344"
"1"," 0.0513528713"
"1"," 0.0214429580"
"1","
"
"1","  [61]"
"1"," 0.0214429580"
"1"," 0.0214429580"
"1"," 0.0214429580"
"1"," 0.1760430924"
"1"," 0.1760430924"
"1"," 0.1760430924"
"1","
"
"1","  [67]"
"1"," 0.1760430924"
"1"," 0.6234924650"
"1"," 0.6234924650"
"1"," 0.6234924650"
"1"," 0.4132804619"
"1"," 0.4132804619"
"1","
"
"1","  [73]"
"1"," 0.8468331726"
"1"," 0.8468331726"
"1"," 0.8468331726"
"1"," 0.8468331726"
"1"," 0.6048585042"
"1"," 0.6048585042"
"1","
"
"1","  [79]"
"1"," 0.5965666296"
"1"," 0.5965666296"
"1"," 0.5965666296"
"1"," 0.5965666296"
"1"," 0.5965666296"
"1"," 0.5965666296"
"1","
"
"1","  [85]"
"1"," 0.5965666296"
"1"," 0.5965666296"
"1"," 0.5965666296"
"1"," 0.5965666296"
"1"," 0.8888670023"
"1"," 0.8888670023"
"1","
"
"1","  [91]"
"1"," 0.8888670023"
"1"," 0.8888670023"
"1"," 0.8888670023"
"1"," 0.1290826574"
"1"," 0.1290826574"
"1"," 0.1290826574"
"1","
"
"1","  [97]"
"1"," 0.1290826574"
"1"," 0.1290826574"
"1"," 0.1290826574"
"1"," 0.5418629452"
"1"," 0.2984710630"
"1"," 0.2984710630"
"1","
"
"1"," [103]"
"1"," 0.2984710630"
"1"," 0.2984710630"
"1"," 0.2984710630"
"1"," 0.1181423351"
"1"," 0.1646163147"
"1"," 0.1646163147"
"1","
"
"1"," [109]"
"1"," 0.6342429369"
"1"," 0.6342429369"
"1"," 0.6342429369"
"1"," 0.3178979192"
"1"," 0.9404612773"
"1"," 0.1786367632"
"1","
"
"1"," [115]"
"1"," 0.1786367632"
"1"," 0.1786367632"
"1"," 0.1786367632"
"1"," 0.1786367632"
"1"," 0.1786367632"
"1"," 0.4195601786"
"1","
"
"1"," [121]"
"1"," 0.4195601786"
"1"," 0.4195601786"
"1"," 0.4195601786"
"1"," 0.2998500092"
"1"," 0.2998500092"
"1"," 0.2998500092"
"1","
"
"1"," [127]"
"1"," 0.9010692539"
"1"," 0.0724172893"
"1"," 0.1793540767"
"1"," 0.1793540767"
"1"," 0.0818957294"
"1"," 0.0490854287"
"1","
"
"1"," [133]"
"1"," 0.0594082399"
"1"," 0.1557242403"
"1"," 0.1557242403"
"1"," 0.5418488046"
"1"," 0.5418488046"
"1"," 0.5418488046"
"1","
"
"1"," [139]"
"1"," 0.7371260956"
"1"," 0.7371260956"
"1"," 0.1566287340"
"1"," 0.1566287340"
"1"," 0.2942457002"
"1"," 0.2942457002"
"1","
"
"1"," [145]"
"1"," 0.2942457002"
"1"," 0.2942457002"
"1"," 0.2942457002"
"1"," 0.8819602570"
"1"," 0.8819602570"
"1"," 0.8819602570"
"1","
"
"1"," [151]"
"1"," 0.8819602570"
"1"," 0.1792002432"
"1"," 0.3697116863"
"1"," 0.3697116863"
"1"," 0.0885209227"
"1"," 0.8077116971"
"1","
"
"1"," [157]"
"1"," 0.6581468972"
"1"," 0.6581468972"
"1"," 0.6581468972"
"1"," 0.6626226450"
"1"," 0.1475539622"
"1"," 0.1475539622"
"1","
"
"1"," [163]"
"1"," 0.4654608625"
"1"," 0.4654608625"
"1"," 0.4654608625"
"1"," 0.4654608625"
"1"," 0.2591160452"
"1"," 0.2591160452"
"1","
"
"1"," [169]"
"1"," 0.2591160452"
"1"," 0.2591160452"
"1"," 0.2591160452"
"1"," 0.2591160452"
"1"," 0.1911244127"
"1"," 0.1911244127"
"1","
"
"1"," [175]"
"1"," 0.1911244127"
"1"," 0.2988218075"
"1"," 0.2988218075"
"1"," 0.2988218075"
"1"," 0.5663357428"
"1"," 0.5663357428"
"1","
"
"1"," [181]"
"1"," 0.5663357428"
"1"," 0.5663357428"
"1"," 0.1493096848"
"1"," 0.5465661312"
"1"," 0.0448546264"
"1"," 0.0448546264"
"1","
"
"1"," [187]"
"1"," 0.3257195157"
"1"," 0.3257195157"
"1"," 0.3257195157"
"1"," 0.3257195157"
"1"," 0.3257195157"
"1"," 0.3257195157"
"1","
"
"1"," [193]"
"1"," 0.3257195157"
"1"," 0.3257195157"
"1"," 0.7070257695"
"1"," 0.7070257695"
"1"," 0.7070257695"
"1"," 0.4998172172"
"1","
"
"1"," [199]"
"1"," 0.0795476976"
"1"," 0.1180649351"
"1"," 0.1180649351"
"1"," 0.1180649351"
"1"," 0.9038108484"
"1"," 0.9038108484"
"1","
"
"1"," [205]"
"1"," 0.9038108484"
"1"," 0.9038108484"
"1"," 0.9038108484"
"1"," 0.2454768812"
"1"," 0.2454768812"
"1"," 0.2454768812"
"1","
"
"1"," [211]"
"1"," 0.7507058255"
"1"," 0.7507058255"
"1"," 0.7507058255"
"1"," 0.7507058255"
"1"," 0.7507058255"
"1"," 0.7507058255"
"1","
"
"1"," [217]"
"1"," 0.1858237298"
"1"," 0.2616445393"
"1"," 0.7676744542"
"1"," 0.7676744542"
"1"," 0.0998091450"
"1"," 0.4565524502"
"1","
"
"1"," [223]"
"1"," 0.4565524502"
"1"," 0.4565524502"
"1"," 0.4565524502"
"1"," 0.4565524502"
"1"," 0.4565524502"
"1"," 0.0497791562"
"1","
"
"1"," [229]"
"1"," 0.0497791562"
"1"," 0.0497791562"
"1"," 0.0949721098"
"1"," 0.0949721098"
"1"," 0.4634326709"
"1"," 0.4634326709"
"1","
"
"1"," [235]"
"1"," 0.0995090751"
"1"," 0.0995090751"
"1"," 0.0995090751"
"1"," 0.0995090751"
"1"," 0.7427398388"
"1"," 0.7427398388"
"1","
"
"1"," [241]"
"1"," 0.7427398388"
"1"," 0.7427398388"
"1"," 0.7427398388"
"1"," 0.7427398388"
"1"," 0.7427398388"
"1"," 0.7427398388"
"1","
"
"1"," [247]"
"1"," 0.7427398388"
"1"," 0.0755788404"
"1"," 0.0755788404"
"1"," 0.0755788404"
"1"," 0.0755788404"
"1"," 0.0755788404"
"1","
"
"1"," [253]"
"1"," 0.0755788404"
"1"," 0.2875698446"
"1"," 0.2875698446"
"1"," 0.2875698446"
"1"," 0.2875698446"
"1"," 0.2875698446"
"1","
"
"1"," [259]"
"1"," 0.2875698446"
"1"," 0.2875698446"
"1"," 0.2875698446"
"1"," 0.2875698446"
"1"," 0.5725940470"
"1"," 0.2110669639"
"1","
"
"1"," [265]"
"1"," 0.2110669639"
"1"," 0.3199219345"
"1"," 0.3199219345"
"1"," 0.3199219345"
"1"," 0.3199219345"
"1"," 0.7086387528"
"1","
"
"1"," [271]"
"1"," 0.7086387528"
"1"," 0.7086387528"
"1"," 0.7086387528"
"1"," 0.7086387528"
"1"," 0.5686382182"
"1"," 0.4402029411"
"1","
"
"1"," [277]"
"1"," 0.1343558683"
"1"," 0.4739900759"
"1"," 0.4739900759"
"1"," 0.4739900759"
"1"," 0.4739900759"
"1"," 0.4710041748"
"1","
"
"1"," [283]"
"1"," 0.4710041748"
"1"," 0.4710041748"
"1"," 0.4710041748"
"1"," 0.4710041748"
"1"," 0.4634945967"
"1"," 0.4634945967"
"1","
"
"1"," [289]"
"1"," 0.4634945967"
"1"," 0.6591053164"
"1"," 0.1271590049"
"1"," 0.0599415633"
"1"," 0.0599415633"
"1"," 0.0599415633"
"1","
"
"1"," [295]"
"1"," 0.7694639786"
"1"," 0.7694639786"
"1"," 0.7694639786"
"1"," 0.7694639786"
"1"," 0.9418481627"
"1"," 0.9418481627"
"1","
"
"1"," [301]"
"1"," 0.9418481627"
"1"," 0.6201760929"
"1"," 0.6201760929"
"1"," 0.3920985758"
"1"," 0.3920985758"
"1"," 0.3433978102"
"1","
"
"1"," [307]"
"1"," 0.3433978102"
"1"," 0.3433978102"
"1"," 0.3433978102"
"1"," 0.3433978102"
"1"," 0.5080597765"
"1"," 0.5080597765"
"1","
"
"1"," [313]"
"1"," 0.5080597765"
"1"," 0.5080597765"
"1"," 0.5080597765"
"1"," 0.5080597765"
"1"," 0.3564292353"
"1"," 0.5360360656"
"1","
"
"1"," [319]"
"1"," 0.5360360656"
"1"," 0.3107812424"
"1"," 0.3107812424"
"1"," 0.3992829408"
"1"," 0.3992829408"
"1"," 0.8188355816"
"1","
"
"1"," [325]"
"1"," 0.8188355816"
"1"," 0.8188355816"
"1"," 0.8188355816"
"1"," 0.8188355816"
"1"," 0.2810861375"
"1"," 0.2810861375"
"1","
"
"1"," [331]"
"1"," 0.2810861375"
"1"," 0.2810861375"
"1"," 0.2810861375"
"1"," 0.5189372491"
"1"," 0.1044277078"
"1"," 0.8805481368"
"1","
"
"1"," [337]"
"1"," 0.8805481368"
"1"," 0.1208899127"
"1"," 0.8899452008"
"1"," 0.8899452008"
"1"," 0.8899452008"
"1"," 0.9120115601"
"1","
"
"1"," [343]"
"1"," 0.9302122493"
"1"," 0.4395386612"
"1"," 0.8602333671"
"1"," 0.8602333671"
"1"," 0.5896175847"
"1"," 0.4896601821"
"1","
"
"1"," [349]"
"1"," 0.4896601821"
"1"," 0.4896601821"
"1"," 0.4896601821"
"1"," 0.4896601821"
"1"," 0.2483526592"
"1"," 0.7379109037"
"1","
"
"1"," [355]"
"1"," 0.7379109037"
"1"," 0.0047682419"
"1"," 0.0047682419"
"1"," 0.7704115837"
"1"," 0.1737624688"
"1"," 0.1737624688"
"1","
"
"1"," [361]"
"1"," 0.1737624688"
"1"," 0.1737624688"
"1"," 0.1737624688"
"1"," 0.1737624688"
"1"," 0.1737624688"
"1"," 0.1737624688"
"1","
"
"1"," [367]"
"1"," 0.1737624688"
"1"," 0.1737624688"
"1"," 0.1737624688"
"1"," 0.1737624688"
"1"," 0.4298884915"
"1"," 0.4298884915"
"1","
"
"1"," [373]"
"1"," 0.4298884915"
"1"," 0.8689109472"
"1"," 0.5667829172"
"1"," 0.5031129247"
"1"," 0.4921016986"
"1"," 0.4921016986"
"1","
"
"1"," [379]"
"1"," 0.5780061891"
"1"," 0.1180665152"
"1"," 0.1180665152"
"1"," 0.1180665152"
"1"," 0.1180665152"
"1"," 0.1180665152"
"1","
"
"1"," [385]"
"1"," 0.7749917977"
"1"," 0.9397387940"
"1"," 0.9397387940"
"1"," 0.9397387940"
"1"," 0.9397387940"
"1"," 0.9397387940"
"1","
"
"1"," [391]"
"1"," 0.9397387940"
"1"," 0.1553646597"
"1"," 0.1553646597"
"1"," 0.1553646597"
"1"," 0.1553646597"
"1"," 0.1553646597"
"1","
"
"1"," [397]"
"1"," 0.1553646597"
"1"," 0.1553646597"
"1"," 0.6692693532"
"1"," 0.6692693532"
"1"," 0.6692693532"
"1"," 0.1544627843"
"1","
"
"1"," [403]"
"1"," 0.7115029486"
"1"," 0.7115029486"
"1"," 0.8338494896"
"1"," 0.5547692631"
"1"," 0.5547692631"
"1"," 0.8731234775"
"1","
"
"1"," [409]"
"1"," 0.8731234775"
"1"," 0.7811155392"
"1"," 0.7811155392"
"1"," 0.7811155392"
"1"," 0.5894211032"
"1"," 0.1668338402"
"1","
"
"1"," [415]"
"1"," 0.1668338402"
"1"," 0.1668338402"
"1"," 0.1668338402"
"1"," 0.4519897445"
"1"," 0.4519897445"
"1"," 0.2970729261"
"1","
"
"1"," [421]"
"1"," 0.1771204338"
"1"," 0.9095889275"
"1"," 0.0866818326"
"1"," 0.7283443975"
"1"," 0.7283443975"
"1"," 0.7283443975"
"1","
"
"1"," [427]"
"1"," 0.7283443975"
"1"," 0.7283443975"
"1"," 0.7283443975"
"1"," 0.7283443975"
"1"," 0.7283443975"
"1"," 0.7283443975"
"1","
"
"1"," [433]"
"1"," 0.0306208188"
"1"," 0.0003617361"
"1"," 0.4796925361"
"1"," 0.4796925361"
"1"," 0.4796925361"
"1"," 0.4796925361"
"1","
"
"1"," [439]"
"1"," 0.7966916658"
"1"," 0.7966916658"
"1"," 0.7966916658"
"1"," 0.5114169832"
"1"," 0.5114169832"
"1"," 0.5114169832"
"1","
"
"1"," [445]"
"1"," 0.5751293013"
"1"," 0.5751293013"
"1"," 0.5751293013"
"1"," 0.4226718037"
"1"," 0.4226718037"
"1"," 0.4226718037"
"1","
"
"1"," [451]"
"1"," 0.5404696563"
"1"," 0.5404696563"
"1"," 0.6842607713"
"1"," 0.4073345506"
"1"," 0.7385345416"
"1"," 0.1804786926"
"1","
"
"1"," [457]"
"1"," 0.9286388348"
"1"," 0.0138827971"
"1"," 0.0138827971"
"1"," 0.1861632015"
"1"," 0.1861632015"
"1"," 0.1861632015"
"1","
"
"1"," [463]"
"1"," 0.1861632015"
"1"," 0.1861632015"
"1"," 0.1861632015"
"1"," 0.7192906738"
"1"," 0.7192906738"
"1"," 0.7192906738"
"1","
"
"1"," [469]"
"1"," 0.4876296076"
"1"," 0.4876296076"
"1"," 0.8517098270"
"1"," 0.8517098270"
"1"," 0.8517098270"
"1"," 0.8517098270"
"1","
"
"1"," [475]"
"1"," 0.8517098270"
"1"," 0.8517098270"
"1"," 0.8517098270"
"1"," 0.8550480992"
"1"," 0.8550480992"
"1"," 0.5083755519"
"1","
"
"1"," [481]"
"1"," 0.5083755519"
"1"," 0.5857019914"
"1"," 0.7764064163"
"1"," 0.7764064163"
"1"," 0.4422990422"
"1"," 0.4422990422"
"1","
"
"1"," [487]"
"1"," 0.4422990422"
"1"," 0.4422990422"
"1"," 0.4422990422"
"1"," 0.4422990422"
"1"," 0.4422990422"
"1"," 0.4422990422"
"1","
"
"1"," [493]"
"1"," 0.4422990422"
"1"," 0.0269975094"
"1"," 0.0269975094"
"1"," 0.0269975094"
"1"," 0.0037177698"
"1"," 0.0037177698"
"1","
"
"1"," [499]"
"1"," 0.0037177698"
"1"," 0.0037177698"
"1"," 0.2423299168"
"1"," 0.6221688994"
"1"," 0.6221688994"
"1"," 0.6221688994"
"1","
"
"1"," [505]"
"1"," 0.2039434789"
"1"," 0.2039434789"
"1"," 0.2039434789"
"1"," 0.2039434789"
"1"," 0.2039434789"
"1"," 0.7892122963"
"1","
"
"1"," [511]"
"1"," 0.2427868212"
"1"," 0.2427868212"
"1"," 0.0059636786"
"1"," 0.0059636786"
"1"," 0.0059636786"
"1"," 0.2109758815"
"1","
"
"1"," [517]"
"1"," 0.2109758815"
"1"," 0.2109758815"
"1"," 0.2190161202"
"1"," 0.3285923083"
"1"," 0.3573063845"
"1"," 0.3573063845"
"1","
"
"1"," [523]"
"1"," 0.3573063845"
"1"," 0.3573063845"
"1"," 0.9868905567"
"1"," 0.3231345084"
"1"," 0.1242294037"
"1"," 0.1242294037"
"1","
"
"1"," [529]"
"1"," 0.0309619466"
"1"," 0.8702641346"
"1"," 0.8702641346"
"1"," 0.8702641346"
"1"," 0.4640472390"
"1"," 0.4640472390"
"1","
"
"1"," [535]"
"1"," 0.4640472390"
"1"," 0.5041336153"
"1"," 0.4338712295"
"1"," 0.4338712295"
"1"," 0.3346278223"
"1"," 0.3346278223"
"1","
"
"1"," [541]"
"1"," 0.3346278223"
"1"," 0.3346278223"
"1"," 0.3346278223"
"1"," 0.7951708056"
"1"," 0.7951708056"
"1"," 0.5309315726"
"1","
"
"1"," [547]"
"1"," 0.5309315726"
"1"," 0.5309315726"
"1"," 0.5540085309"
"1"," 0.5540085309"
"1"," 0.5540085309"
"1"," 0.5540085309"
"1","
"
"1"," [553]"
"1"," 0.5540085309"
"1"," 0.5540085309"
"1"," 0.5540085309"
"1"," 0.5540085309"
"1"," 0.5540085309"
"1"," 0.9483037772"
"1","
"
"1"," [559]"
"1"," 0.9483037772"
"1"," 0.2702178621"
"1"," 0.2702178621"
"1"," 0.9399430590"
"1"," 0.9399430590"
"1"," 0.7094892950"
"1","
"
"1"," [565]"
"1"," 0.7094892950"
"1"," 0.7094892950"
"1"," 0.7094892950"
"1"," 0.9445710212"
"1"," 0.6636453448"
"1"," 0.6636453448"
"1","
"
"1"," [571]"
"1"," 0.6636453448"
"1"," 0.4608806240"
"1"," 0.4608806240"
"1"," 0.4608806240"
"1"," 0.4608806240"
"1"," 0.4608806240"
"1","
"
"1"," [577]"
"1"," 0.4608806240"
"1"," 0.2502525732"
"1"," 0.9526645124"
"1"," 0.9526645124"
"1"," 0.9526645124"
"1"," 0.9526645124"
"1","
"
"1"," [583]"
"1"," 0.9526645124"
"1"," 0.9526645124"
"1"," 0.1313930663"
"1"," 0.1313930663"
"1"," 0.1313930663"
"1"," 0.8887626082"
"1","
"
"1"," [589]"
"1"," 0.4074792691"
"1"," 0.6695566933"
"1"," 0.6695566933"
"1"," 0.6695566933"
"1"," 0.7037716750"
"1"," 0.2531219365"
"1","
"
"1"," [595]"
"1"," 0.2531219365"
"1"," 0.2531219365"
"1"," 0.2531219365"
"1"," 0.7549552498"
"1"," 0.7549552498"
"1"," 0.7549552498"
"1","
"
"1"," [601]"
"1"," 0.7549552498"
"1"," 0.7549552498"
"1"," 0.7896928825"
"1"," 0.7896928825"
"1"," 0.5380197593"
"1"," 0.5380197593"
"1","
"
"1"," [607]"
"1"," 0.2894120362"
"1"," 0.2894120362"
"1"," 0.6350796989"
"1"," 0.6350796989"
"1"," 0.6350796989"
"1"," 0.6350796989"
"1","
"
"1"," [613]"
"1"," 0.6350796989"
"1"," 0.6350796989"
"1"," 0.0336648725"
"1"," 0.0336648725"
"1"," 0.7691709657"
"1"," 0.7691709657"
"1","
"
"1"," [619]"
"1"," 0.7691709657"
"1"," 0.1673019705"
"1"," 0.1673019705"
"1"," 0.1673019705"
"1"," 0.1673019705"
"1"," 0.1673019705"
"1","
"
"1"," [625]"
"1"," 0.9058337813"
"1"," 0.2551531095"
"1"," 0.2551531095"
"1"," 0.2551531095"
"1"," 0.9894055602"
"1"," 0.9082173011"
"1","
"
"1"," [631]"
"1"," 0.8600566616"
"1"," 0.5742786561"
"1"," 0.5742786561"
"1"," 0.5742786561"
"1"," 0.5742786561"
"1"," 0.5742786561"
"1","
"
"1"," [637]"
"1"," 0.5742786561"
"1"," 0.5742786561"
"1"," 0.5742786561"
"1"," 0.5742786561"
"1"," 0.5742786561"
"1"," 0.5742786561"
"1","
"
"1"," [643]"
"1"," 0.5742786561"
"1"," 0.5742786561"
"1"," 0.1031213124"
"1"," 0.5967407279"
"1"," 0.5967407279"
"1"," 0.5967407279"
"1","
"
"1"," [649]"
"1"," 0.7452970523"
"1"," 0.7452970523"
"1"," 0.7452970523"
"1"," 0.7452970523"
"1"," 0.7452970523"
"1"," 0.7452970523"
"1","
"
"1"," [655]"
"1"," 0.7452970523"
"1"," 0.7452970523"
"1"," 0.7730051786"
"1"," 0.4147009705"
"1"," 0.4147009705"
"1"," 0.0550605758"
"1","
"
"1"," [661]"
"1"," 0.0550605758"
"1"," 0.0550605758"
"1"," 0.0550605758"
"1"," 0.7586143559"
"1"," 0.7586143559"
"1"," 0.8059054736"
"1","
"
"1"," [667]"
"1"," 0.8059054736"
"1"," 0.8059054736"
"1"," 0.8059054736"
"1"," 0.0918253664"
"1"," 0.0918253664"
"1"," 0.0918253664"
"1","
"
"1"," [673]"
"1"," 0.0918253664"
"1"," 0.7222970589"
"1"," 0.7222970589"
"1"," 0.1004921081"
"1"," 0.3723315396"
"1"," 0.3723315396"
"1","
"
"1"," [679]"
"1"," 0.3723315396"
"1"," 0.3723315396"
"1"," 0.3723315396"
"1"," 0.3723315396"
"1"," 0.3723315396"
"1"," 0.2669853417"
"1","
"
"1"," [685]"
"1"," 0.1988394779"
"1"," 0.9286812614"
"1"," 0.9286812614"
"1"," 0.2387241580"
"1"," 0.2387241580"
"1"," 0.6593760098"
"1","
"
"1"," [691]"
"1"," 0.6593760098"
"1"," 0.6593760098"
"1"," 0.6593760098"
"1"," 0.6593760098"
"1"," 0.6593760098"
"1"," 0.6593760098"
"1","
"
"1"," [697]"
"1"," 0.3280619564"
"1"," 0.3280619564"
"1"," 0.3280619564"
"1"," 0.3280619564"
"1"," 0.3280619564"
"1"," 0.3280619564"
"1","
"
"1"," [703]"
"1"," 0.3280619564"
"1"," 0.3280619564"
"1"," 0.3411480673"
"1"," 0.3411480673"
"1"," 0.3411480673"
"1"," 0.8907639862"
"1","
"
"1"," [709]"
"1"," 0.8907639862"
"1"," 0.8907639862"
"1"," 0.8907639862"
"1"," 0.8907639862"
"1"," 0.8907639862"
"1"," 0.5751741754"
"1","
"
"1"," [715]"
"1"," 0.5751741754"
"1"," 0.5751741754"
"1"," 0.5751741754"
"1"," 0.5751741754"
"1"," 0.5578473825"
"1"," 0.8461855486"
"1","
"
"1"," [721]"
"1"," 0.0865828493"
"1"," 0.8252961048"
"1"," 0.8252961048"
"1"," 0.1446656160"
"1"," 0.8573191809"
"1"," 0.8573191809"
"1","
"
"1"," [727]"
"1"," 0.8573191809"
"1"," 0.8573191809"
"1"," 0.8573191809"
"1"," 0.8573191809"
"1"," 0.8573191809"
"1"," 0.8573191809"
"1","
"
"1"," [733]"
"1"," 0.8573191809"
"1"," 0.9482632441"
"1"," 0.9482632441"
"1"," 0.5887711147"
"1"," 0.6747933914"
"1"," 0.6747933914"
"1","
"
"1"," [739]"
"1"," 0.8930356538"
"1"," 0.8930356538"
"1"," 0.6798474485"
"1"," 0.8542316003"
"1"," 0.8542316003"
"1"," 0.8542316003"
"1","
"
"1"," [745]"
"1"," 0.8542316003"
"1"," 0.7924124634"
"1"," 0.7979148432"
"1"," 0.7979148432"
"1"," 0.7979148432"
"1"," 0.3828245461"
"1","
"
"1"," [751]"
"1"," 0.3828245461"
"1"," 0.4714403225"
"1"," 0.2434488633"
"1"," 0.2434488633"
"1"," 0.2434488633"
"1"," 0.2434488633"
"1","
"
"1"," [757]"
"1"," 0.2434488633"
"1"," 0.4908947053"
"1"," 0.4908947053"
"1"," 0.0404814977"
"1"," 0.6653871059"
"1"," 0.9678685352"
"1","
"
"1"," [763]"
"1"," 0.9678685352"
"1"," 0.2058780828"
"1"," 0.2058780828"
"1"," 0.2058780828"
"1"," 0.2058780828"
"1"," 0.4364579430"
"1","
"
"1"," [769]"
"1"," 0.3364411747"
"1"," 0.3364411747"
"1"," 0.3364411747"
"1"," 0.7752366055"
"1"," 0.7752366055"
"1"," 0.7752366055"
"1","
"
"1"," [775]"
"1"," 0.7752366055"
"1"," 0.6819400571"
"1"," 0.5765905172"
"1"," 0.5765905172"
"1"," 0.5765905172"
"1"," 0.5765905172"
"1","
"
"1"," [781]"
"1"," 0.5765905172"
"1"," 0.5765905172"
"1"," 0.5765905172"
"1"," 0.5765905172"
"1"," 0.4555119174"
"1"," 0.2184856175"
"1","
"
"1"," [787]"
"1"," 0.0622030793"
"1"," 0.8313750392"
"1"," 0.4725320943"
"1"," 0.1413646520"
"1"," 0.6219537041"
"1"," 0.6912672961"
"1","
"
"1"," [793]"
"1"," 0.6912672961"
"1"," 0.3068649785"
"1"," 0.3068649785"
"1"," 0.5047768717"
"1"," 0.5047768717"
"1"," 0.5047768717"
"1","
"
"1"," [799]"
"1"," 0.8270717792"
"1"," 0.7519876593"
"1"," 0.7519876593"
"1"," 0.7519876593"
"1"," 0.7086579876"
"1"," 0.7086579876"
"1","
"
"1"," [805]"
"1"," 0.7086579876"
"1"," 0.7086579876"
"1"," 0.7086579876"
"1"," 0.2478364526"
"1"," 0.2478364526"
"1"," 0.8023311111"
"1","
"
"1"," [811]"
"1"," 0.5225456405"
"1"," 0.5225456405"
"1"," 0.9700560976"
"1"," 0.2779182473"
"1"," 0.2779182473"
"1"," 0.2779182473"
"1","
"
"1"," [817]"
"1"," 0.2779182473"
"1"," 0.2779182473"
"1"," 0.2779182473"
"1"," 0.2779182473"
"1"," 0.0913219364"
"1"," 0.0913219364"
"1","
"
"1"," [823]"
"1"," 0.0913219364"
"1"," 0.0913219364"
"1"," 0.0913219364"
"1"," 0.0913219364"
"1"," 0.0913219364"
"1"," 0.0913219364"
"1","
"
"1"," [829]"
"1"," 0.0913219364"
"1"," 0.0913219364"
"1"," 0.0913219364"
"1"," 0.0913219364"
"1"," 0.0913219364"
"1"," 0.0913219364"
"1","
"
"1"," [835]"
"1"," 0.0913219364"
"1"," 0.0913219364"
"1"," 0.0913219364"
"1"," 0.0913219364"
"1"," 0.9132122378"
"1"," 0.9132122378"
"1","
"
"1"," [841]"
"1"," 0.9132122378"
"1"," 0.9132122378"
"1"," 0.7237234166"
"1"," 0.7237234166"
"1"," 0.7237234166"
"1"," 0.6123302954"
"1","
"
"1"," [847]"
"1"," 0.6123302954"
"1"," 0.6352954545"
"1"," 0.7766275242"
"1"," 0.7766275242"
"1"," 0.7766275242"
"1"," 0.3424424883"
"1","
"
"1"," [853]"
"1"," 0.3424424883"
"1"," 0.2192919908"
"1"," 0.1012571535"
"1"," 0.3267099638"
"1"," 0.3465165043"
"1"," 0.3465165043"
"1","
"
"1"," [859]"
"1"," 0.3465165043"
"1"," 0.6980455678"
"1"," 0.5064366682"
"1"," 0.5064366682"
"1"," 0.3858300602"
"1"," 0.3858300602"
"1","
"
"1"," [865]"
"1"," 0.3858300602"
"1"," 0.4120075615"
"1"," 0.3948652222"
"1"," 0.3948652222"
"1"," 0.3948652222"
"1"," 0.3948652222"
"1","
"
"1"," [871]"
"1"," 0.3948652222"
"1"," 0.3948652222"
"1"," 0.1349264676"
"1"," 0.3273971417"
"1"," 0.3273971417"
"1"," 0.3273971417"
"1","
"
"1"," [877]"
"1"," 0.3273971417"
"1"," 0.3273971417"
"1"," 0.3273971417"
"1"," 0.3885749314"
"1"," 0.2985911000"
"1"," 0.2985911000"
"1","
"
"1"," [883]"
"1"," 0.2985911000"
"1"," 0.2985911000"
"1"," 0.1191859790"
"1"," 0.1191859790"
"1"," 0.1191859790"
"1"," 0.1191859790"
"1","
"
"1"," [889]"
"1"," 0.1191859790"
"1"," 0.8376290635"
"1"," 0.8376290635"
"1"," 0.8376290635"
"1"," 0.0932133852"
"1"," 0.8472419262"
"1","
"
"1"," [895]"
"1"," 0.8472419262"
"1"," 0.0966241336"
"1"," 0.0966241336"
"1"," 0.0966241336"
"1"," 0.0966241336"
"1"," 0.0966241336"
"1","
"
"1"," [901]"
"1"," 0.0966241336"
"1"," 0.0672225304"
"1"," 0.0672225304"
"1"," 0.3609567090"
"1"," 0.3609567090"
"1"," 0.4981969675"
"1","
"
"1"," [907]"
"1"," 0.4981969675"
"1"," 0.0197359284"
"1"," 0.0197359284"
"1"," 0.0197359284"
"1"," 0.0197359284"
"1"," 0.0197359284"
"1","
"
"1"," [913]"
"1"," 0.3703200511"
"1"," 0.3703200511"
"1"," 0.3703200511"
"1"," 0.3703200511"
"1"," 0.3703200511"
"1"," 0.2907129075"
"1","
"
"1"," [919]"
"1"," 0.2907129075"
"1"," 0.2907129075"
"1"," 0.2907129075"
"1"," 0.3244549993"
"1"," 0.3244549993"
"1"," 0.3244549993"
"1","
"
"1"," [925]"
"1"," 0.7804591395"
"1"," 0.8971752041"
"1"," 0.8971752041"
"1"," 0.4542867983"
"1"," 0.4542867983"
"1"," 0.4542867983"
"1","
"
"1"," [931]"
"1"," 0.1487645339"
"1"," 0.1487645339"
"1"," 0.4378155464"
"1"," 0.1583326424"
"1"," 0.1583326424"
"1"," 0.0032976380"
"1","
"
"1"," [937]"
"1"," 0.0032976380"
"1"," 0.0032976380"
"1"," 0.0717195573"
"1"," 0.0717195573"
"1"," 0.0717195573"
"1"," 0.0717195573"
"1","
"
"1"," [943]"
"1"," 0.2548895888"
"1"," 0.2548895888"
"1"," 0.2548895888"
"1"," 0.7618461497"
"1"," 0.7618461497"
"1"," 0.7618461497"
"1","
"
"1"," [949]"
"1"," 0.7725745160"
"1"," 0.1672153696"
"1"," 0.7208583590"
"1"," 0.7208583590"
"1"," 0.7208583590"
"1"," 0.2671868054"
"1","
"
"1"," [955]"
"1"," 0.2223587688"
"1"," 0.0680143564"
"1"," 0.0680143564"
"1"," 0.0680143564"
"1"," 0.0680143564"
"1"," 0.1855200685"
"1","
"
"1"," [961]"
"1"," 0.1855200685"
"1"," 0.8359633899"
"1"," 0.5531396268"
"1"," 0.5531396268"
"1"," 0.5531396268"
"1"," 0.5531396268"
"1","
"
"1"," [967]"
"1"," 0.0696405511"
"1"," 0.1569753085"
"1"," 0.1569753085"
"1"," 0.3725284653"
"1"," 0.2326947723"
"1"," 0.2326947723"
"1","
"
"1"," [973]"
"1"," 0.7430051777"
"1"," 0.7430051777"
"1"," 0.7430051777"
"1"," 0.5679967850"
"1"," 0.5679967850"
"1"," 0.6382401395"
"1","
"
"1"," [979]"
"1"," 0.6382401395"
"1"," 0.4055102861"
"1"," 0.5972279015"
"1"," 0.5972279015"
"1"," 0.5972279015"
"1"," 0.5972279015"
"1","
"
"1"," [985]"
"1"," 0.1969078595"
"1"," 0.1969078595"
"1"," 0.1969078595"
"1"," 0.1969078595"
"1"," 0.1016607771"
"1"," 0.1016607771"
"1","
"
"1"," [991]"
"1"," 0.1016607771"
"1"," 0.1016607771"
"1"," 0.1016607771"
"1"," 0.1016607771"
"1"," 0.5094516053"
"1"," 0.8260239058"
"1","
"
"1"," [997]"
"1"," 0.8260239058"
"1"," 0.1422319926"
"1"," 0.1422319926"
"1"," 0.0343684286"
"1","
"
"1"," [ reached getOption(""max.print"") -- omitted 9000 entries ]
"
